institute,program,category,round,opening_rank,closing_rank
IIT Bombay,Computer Science and Engineering,OPEN,1,1,68
IIT Bombay,Computer Science and Engineering,OBC,1,12,50
IIT Bombay,Electrical Engineering,OPEN,1,69,420
IIT Delhi,Computer Science and Engineering,OPEN,1,15,115
IIT Delhi,Electrical Engineering,OPEN,1,120,550
IIT Madras,Computer Science and Engineering,OPEN,1,30,175
IIT Kanpur,Computer Science and Engineering,OPEN,1,110,230
NIT Tiruchirappalli,Computer Science and Engineering,OPEN,1,750,1500
NIT Surathkal,Computer Science and Engineering,OPEN,1,900,1950
IIIT Hyderabad,Computer Science and Engineering,OPEN,1,400,1200
